epoch,accuracy,loss,lr
0,0.20000000298023224,1.6648143529891968,0.01
1,0.19333332777023315,1.6319986581802368,0.01
