epoch,accuracy,loss,lr
0,0.18285714089870453,2.086254358291626,0.01
