epoch,accuracy,loss,lr
0,0.23333333432674408,1.6249442100524902,0.01
